id,cid,SMILES,cmpdname,y_true,prediction,prob_CE1,prob_CE2,misclassified,score_hCE1,score_hCE2,covdock_hCE1,covscore_hCE1,covdock_hCE2,distance_hCE1,distance_hCE2,GSEI_CE1,GSEI_CE2,TSEI_carbonyl,TSEI_acyl,ratio_MW,nrot_alc,nrot_acyl,vol_acyl,vol_alc,ratio_vol,ratio_TPSA,logP_acyl,logP_alc,ratio_logP,eccentricity,E_LUMO,bond_carbonyl,bond_alc,hardness,charge_carbon,delta_charge
1,121304016,CCC(CC)COC(=O)[C@H](C)N[P@](=O)(OC[C@H]1O[C@](C#N)([C@H](O)[C@@H]1O)C1=CC=C2N1N=CN=C2N)OC1=CC=CC=C1,Remdesivir,CE1,CE1,0.97,0.035,0,-7.82551575,-9.52404022,1,-6.561,1,5.1408718132,5.9956275735,1.284,1.243,2.831,2.831,4.698469252,4,9,385.624,97.904,3.9387971891,10.6055363322,0.41738,1.4149,0.2949890452,589,-1.052791,1.234298,1.3510587922,3.809476,0.558327,1.088481
2,75834,CCCC(=O)OC1=CC=C(C=C1)[N+](=O)[O-],PNPB (4-Nitrophenyl butyrate ),CE2,CE2,0.14,0.863,0,-6.40648127,-5.91523123,0,-5.035,0,3.6157884341,3.7361441353,1.092,1.082,2.593,2.593,0.5463709256,2,2,75.224,111.008,0.6776448544,0.5886065962,0.8711,1.3004,0.669870809,116,-1.420764,1.234921,1.3611692437,4.556073,0.591123,1.060159
4,5484727,CCOC(=O)[C@H](CCC1=CC=CC=C1)N[C@@H](C)C(=O)N2[C@H]3CCCC[C@@H]3C[C@H]2C(=O)O,Trandolapril,CE1,CE1,0.99,0.009,0,-7.9574523,-8.27847004,0,-8.371,1,8.488075518,3.4501541995,1.28,1.273,2.768,2.768,8.058534096,1,8,324.056,46.096,7.0300242971,5.4260998517,0.9601,-0.0014,-685.7857142857,343,2.204896,1.235383,1.3501972411,3.561129,0.559325,1.132598
5,6445226,CCCCCCOC(=O)/N=C(/C1=CC=C(C=C1)NCC2=NC3=C(N2C)C=CC(=C3)C(=O)N(CCC(=O)OCC)C4=CC=CC=N4)\N,Dabigatran etexilate,CE1,CE1,0.94,0.057,0,-8.5694294,-6.39194345,0,-7.794,1,5.93,18.22,1.169,1.171,2.603,2.498,13.0161021872,0,13,481.968,42.128,11.4405620965,8.3771626298,1.87,-0.0014,-1335.7142857142,978,-4.773042,1.2319480874,1.3495002223,2.941381,0.597448,1.107077
6,6445226,CCCCCCOC(=O)/N=C(/C1=CC=C(C=C1)NCC2=NC3=C(N2C)C=CC(=C3)C(=O)N(CCC(=O)OCC)C4=CC=CC=N4)\N,Dabigatran etexilate,CE2,CE1,0.7,0.297,-1,-8.5694294,-6.39194345,0,-6.961,0,18.26,3.81,1.201,1.189,2.487,2.583,5.3202670095,4,10,430.472,93.984,4.580268982,8.3771626298,0.3096,1.559,0.198588839,978,-4.773042,1.2343983838,1.344505225,2.941381,0.70834,1.175324
7,9574768,C[C@H](CN1C=NC2=C(N=CN=C21)N)OC[P@@](=O)(N[C@@H](C)C(=O)OC(C)C)OC3=CC=CC=C3,Tenofovir alafenamide,CE1,CE1,0.99,0.011,0,-8.07045746,-7.97795391,0,-8.454,0,3.2778044481,5.6231315119,1.327,1.224,2.82,2.82,5.568166184,1,10,329.92,59.008,5.5911062907,7.6361838853,2.1059,0.3871,5.4401963317,396,-0.429956,1.232554,1.3619934141,3.983614,0.575899,1.102715
8,65028,CCC(CC)O[C@@H]1C=C(C[C@@H]([C@H]1NC(=O)C)N)C(=O)OCC,Oseltamivir,CE1,CE1,0.98,0.023,0,-7.38679695,-6.63147736,0,-6.687,0,7.1739854335,4.0255378523,1.182,1.216,2.749,2.749,4.6456679285,1,6,232.088,46.256,5.0174680042,5.1047948591,0.0901,-0.0014,-64.3571428571,176,-3.780394,1.235002,1.3613434945,4.604506,0.590592,1.045917
9,60606,COC(=O)[C@H](C1=CC=CC=C1Cl)N2CCC3=C(C2)C=CS3,Clopidogrel,CE1,CE1,1.0,0.004,0,-8.06777859,-6.91392803,0,-8.326,0,3.4107232371,4.3152220105,1.275,1.233,2.829,2.829,8.8412484054,0,3,232.656,33.28,6.9908653846,2.003954523,3.5855,-0.3915,-9.1583652618,151,-0.410199,1.232824,1.3552554446,4.255525,0.567825,1.061839
10,5388962,CCOC(=O)[C@H](CCC1=CC=CC=C1)N[C@@H](C)C(=O)N2CCC[C@H]2C(=O)O,Enalapril,CE1,CE1,0.99,0.014,0,-8.37944221,-7.30822706,0,-8.553,1,3.4072684074,3.7161080447,1.234,1.245,2.759,2.759,6.9337297251,1,8,279.144,46.136,6.050459511,5.4260998517,-0.2086,-0.0014,149.0,277,1.507184,1.233065,1.3561493502,2.981884,0.607582,1.140666
11,M50,COC(=O)C(CS1)N=C1c(n2)sc(c23)cc(O)cc3,D-Luciferin-methylester (DME),CE1,CE1,0.97,0.03,0,-7.55461836,-6.7267189,0,-8.258,0,4.176028975,3.7219308161,1.137,1.146,2.944,3.605,6.197595846,0,2,201.072,33.272,6.0432796345,4.0919426594,1.9485,-0.3915,-4.9770114943,161,-1.418545,1.2345233655,1.3505119215,3.775088,0.583193,1.068343
12,4158,COC(=O)C(C1CCCCN1)C2=CC=CC=C2,Methylphenidate,CE1,CE1,0.92,0.081,0,-6.99167585,-6.33043766,0,-7.455,0,3.5583667602,3.7821996246,1.205,1.226,2.781,2.781,6.2101973341,0,3,182.544,33.28,5.4850961538,2.664854177,0.9707,-0.3915,-2.4794380587,106,-3.761946,1.232411,1.3530869299,4.434493,0.544893,0.969346
13,M51,c1ccccc1C(=O)Oc(cc2)cc(C3(C)C)c2[NH+]=C(C3=4)C=C(Cl)C(=O)C4Cl,"6,8-dichloro-9,9-dimethyl-7-oxo-7,9-dihydroacridin-2-yl benzoate (DDAB)",CE2,CE2,0.09,0.914,0,-9.02544403,-9.42577648,0,-4.603,0,11.3758523637,3.9502129057,1.227,1.237,2.808,2.808,0.3739786543,1,1,100.672,232.624,0.4327670404,0.7511075312,1.3848,3.9542,0.3502099034,300,-2.524683,1.235949,1.3698977517,3.370106,0.59837,1.06454
14,6918456,c1cccc(F)c1C(C(=O)C2CC2)N(C3)CCc(c34)sc(c4)OC(=O)C,Prasugrel,CE2,CE2,0.08,0.922,0,-7.71821165,-8.18895817,0,-7.717,0,12.9622403156,3.5937646,1.079,1.038,2.516,2.516,0.1420284332,5,0,54.864,262.24,0.2092129347,0.9200789344,0.0909,3.6713,0.0247596219,246,-0.349726,1.232466,1.3629393897,4.165914,0.604221,1.078469
15,65047,c1cccc(C(=O)O2)c1C23c4c(cc(cc4)OC(=O)C)Oc5c3ccc(c5)OC(=O)C,Fluorescein diacetate,CE2,CE2,0.05,0.948,0,-7.45673513,-5.76669598,1,-5.432,1,7.33,10.39,1.076,1.067,2.467,1.317,0.1577577113,1,0,49.312,287.472,0.1715367062,0.4890324153,-1.2438,3.8855,-0.3201132415,290,-0.914076,1.2330300767,1.3604029146,4.216728,0.614768,1.096394
16,3339,CC(C)OC(=O)C(C)(C)OC1=CC=C(C=C1)C(=O)C2=CC=C(C=C2)Cl,Fenofibrate,CE1,CE1,0.99,0.007,0,-7.84169579,-8.41676903,1,0.0,1,3.2516700325,3.7468526792,1.225,1.189,2.81,2.81,4.836446796,1,5,249.856,59.096,4.227968052,3.1438457736,3.813,0.3871,9.8501679153,288,-0.963035,1.233579,1.358195148,4.234016,0.541311,1.047906
18,46229693,ClC(Cl)=C[C@@H]1[C@@H](C1(C)C)C(=O)O[C@@H](C#N)c(c2)ccc(c23)cc(cc3)OC,A3,CE2,CE2,0.13,0.868,0,-9.25173187,-9.15011787,0,-10.215,0,3.586011015,4.8466045847,1.293,1.227,2.877,2.877,0.9019852926,3,2,157.112,180.072,0.8724954463,0.7004694836,2.6622,2.40538,1.1067689928,309,-1.157387,1.231875,1.3542865649,3.892458,0.617836,1.118895
19,91552720,CC(=O)O[C@@H](C#N)c(c1)ccc(c12)cc(cc2)OC,A1,CE2,CE2,0.04,0.964,0,-8.02568817,-7.87696743,0,-8.358,0,3.3180637426,3.63035563,1.024,1.025,2.464,2.464,0.241267753,3,0,49.232,179.544,0.2742057657,0.7004694836,0.0909,2.40538,0.0377902868,159,-1.116282,1.231637,1.3535988217,3.899708,0.607645,1.098447
20,101394498,CCCC(=O)O[C@@H](C#N)c(c1)ccc(c12)cc(cc2)OC,A2,CE2,CE2,0.06,0.943,0,-8.15524483,-8.37819099,0,-8.796,0,3.3962963652,3.6321339458,1.121,1.098,2.626,2.626,0.3641736957,3,2,75.096,179.912,0.4174040642,0.7004694836,0.8711,2.40538,0.3621465215,204,-1.126921,1.231929,1.3543592618,3.89265,0.588216,1.077767
21,2912,CC1(C(C1C(=O)OC(C#N)C2=CC(=CC=C2)OC3=CC=CC=C3)C=C(Cl)Cl)C,Cypermethrin,CE2,CE2,0.08,0.916,0,-9.16434193,-8.85505486,0,-9.603,0,3.34575821,4.5921217318,1.275,1.265,2.876,2.876,0.8546002436,4,2,157.312,190.936,0.8238991076,0.7004694836,2.6622,3.03588,0.8769121309,324,-0.654682,1.230984,1.3538535925,4.354448,0.615664,1.102312
22,5361514,c1cc(Cl)ccc1[C@@H](C(C)C)C(=O)O[C@@H](C#N)c2cc(ccc2)Oc3ccccc3,B4,CE2,CE2,0.22,0.784,0,-9.36461639,-5.53908777,0,-9.888,0,3.13,15.292555411,1.394,1.338,2.911,3.869,0.9376847727,4,3,169.6,186.744,0.9081951763,0.7536150235,1.8295,3.03588,0.6026259272,365,-0.745556,1.233449,1.3542776119,4.346335,0.585709,1.068059
23,90396492,FC(F)(F)/C(Cl)=C/[C@H](C1)[C@H]1C(=O)O[C@@H](C#N)c2cc(ccc2)Oc3ccccc3,B7,CE2,CE2,0.08,0.924,0,-9.11997986,-9.08113861,0,-9.92,0,3.3463314241,3.7837645276,1.257,1.196,2.801,2.801,0.8831320226,4,2,147.664,190.936,0.773369087,0.7004694836,2.3921,3.03588,0.7879428699,359,-0.94892,1.231137,1.3554680704,4.262021,0.599557,1.063403
24,101246216,COc(cc1)cc(c12)ccc(c2)[C@H](C#N)OC(=O)[C@H](C(C)C)c3ccc(Cl)cc3,"(R,R)-A4",CE2,CE2,0.22,0.782,0,-10.1032858,-8.86401367,0,-10.44,0,3.5231864839,4.52782122,1.308,1.287,2.912,2.912,0.9208140331,3,3,169.848,179.896,0.9441455063,0.7004694836,3.1642,2.40538,1.3154678263,349,-1.129534,1.233683,1.354712475,3.897662,0.583472,1.06643
25,101246213,COc(cc1)cc(c12)ccc(c2)[C@@H](C#N)OC(=O)[C@@H](C(C)C)c3ccc(Cl)cc3,"(S,S)-A4",CE1,CE2,0.41,0.589,1,-9.85512638,-9.2285223,0,-9.29,1,3.5646214385,5.7621790149,1.33,1.291,2.912,2.912,0.9208140331,3,3,169.472,179.848,0.9423068369,0.7004694836,3.1642,2.40538,1.3154678263,349,-1.076672,1.233396,1.3558128521,3.881252,0.584492,1.07119
26,101246212,COc(cc1)cc(c12)ccc(c2)[C@H](C#N)OC(=O)[C@@H](C(C)C)c3ccc(Cl)cc3,"(S,R)-A4",CE2,CE2,0.32,0.679,0,-9.91764545,-9.71801662,0,-9.781,1,3.300343467,4.8372915976,1.329,1.306,2.912,2.912,0.9208140331,3,3,169.848,179.896,0.9441455063,0.7004694836,3.1642,2.40538,1.3154678263,349,-1.13177,1.233492,1.3553452328,3.896361,0.584605,1.068864
27,366,CC1=CC(=O)OC2=C1C=CC(=C2)OC(=O)C,4-Methylumbelliferyl acetate,CE2,CE2,0.1,0.895,0,-7.43916559,-6.50554705,0,-6.289,0,3.58,14.36,1.053,1.045,2.445,1.251,0.3352158092,0,0,49.192,139.408,0.3528635372,0.7955987312,-1.2438,1.80702,-0.6883155693,104,-1.204078,1.2330216868,1.3604489333,4.236064,0.612978,1.085598
28,520352,CC(=O)O[C@H]1/C=C\[C@H]2[C@H]3Cc4ccc(O)c5O[C@@H]1[C@]2(CCN3C)c45,6-Monoacetylmorphine,CE2,CE2,0.06,0.938,0,-8.66500568,-8.06970692,0,-8.19,1,2.9097850436,10.3746141615,1.144,1.096,2.49,2.49,0.1643447095,1,0,49.12,226.672,0.2167007835,0.68908184,0.0909,-0.219,-0.4150684932,168,-3.815504,1.231685,1.3530488535,3.849796,0.617806,1.116794
29,5462328,CC(=O)O[C@H]1C=C[C@H]2[C@H]3CC4=C5[C@]2([C@H]1OC5=C(C=C4)OC(=O)C)CCN3C,Heroin,CE2,CE2,0.11,0.885,0,-8.25207233,-6.68692303,0,-8.408,1,3.49,15.57,1.12,1.162,2.488,1.277,0.1798356648,1,0,49.336,256.128,0.1926224388,0.6666112957,-1.2438,0.3518,-3.535531552,214,-3.790335,1.2334142573,1.3590986903,4.006208,0.604369,0.966297
30,162381,CC(C)=C[C@@H]1[C@H](C1(C)C)C(=O)OCc2cc(oc2)Cc3ccccc3,Bioresmethrin,CE1,CE1,0.63,0.37,0,-8.79971886,-7.86866236,0,-8.324,0,3.1805038909,4.013689699,1.196,1.163,2.799,2.799,0.821306399,4,2,147.832,160.736,0.9197192913,1.1177704525,2.3094,2.3627,0.9774410632,294,0.204915,1.233404,1.3539676104,4.589894,0.630674,1.164185
31,40159,ClC(Cl)=C[C@@H]1[C@H](C1(C)C)C(=O)OCc2cc(ccc2)Oc3ccccc3,R-Permethrin,CE1,CE1,0.62,0.383,0,-8.9641037,-6.81188297,0,-8.352,0,2.7388145246,13.458311967,1.306,1.238,2.826,3.722,1.034559426,4,2,154.616,166.528,0.9284684858,1.3621860149,1.3275,2.9712,0.4467891761,305,-0.175134,1.233057,1.3540496594,4.470765,0.622355,1.136384
32,62086,ClC(Cl)=C[C@@H]1[C@@H](C1(C)C)C(=O)OCc2cc(ccc2)Oc3ccccc3,S-Permethrin,CE2,CE2,0.46,0.544,0,-9.01686764,-6.23613024,0,-8.649,0,2.9944608864,7.5087321833,1.266,1.272,2.826,3.722,1.034559426,3,2,157.272,166.688,0.9435112306,1.3621860149,1.3275,2.9712,0.4467891761,305,-0.27495,1.232808,1.3552582485,4.429235,0.623006,1.128155
33,60838,CCC1=C2CN3C(=CC4=C(C3=O)COC(=O)[C@@]4(CC)O)C2=NC5=C1C=C(C=C5)OC(=O)N6CCC(CC6)N7CCCCC7,Irinotecan_Carbamate,CE2,CE2,0.31,0.692,0,-11.2819738,-7.00856495,0,-5.165,1,14.46,18.62,1.309,1.326,2.679,3.594,0.5410159151,2,1,173.936,303.68,0.5727608008,0.4703393999,-1.1371,2.3476,-0.4843670131,699,-3.969846,1.23558733,1.3706963121,3.25772,0.716631,1.201695
36,5362124,CCOC(=O)[C@H](CCC1=CC=CC=C1)N[C@H]2CCC3=CC=CC=C3N(C2=O)CC(=O)O,Benazepril,CE1,CE1,0.99,0.007,0,-7.64366245,-8.11024475,0,-9.442,1,3.8292543661,3.9163708966,1.318,1.237,2.776,2.776,7.9326872909,1,8,316.904,46.112,6.8724843858,5.4260998517,0.7599,-0.0014,-542.7857142857,324,1.82908,1.234324,1.3510669117,3.297498,0.532976,1.083576
37,56330,CCOC(=O)[C@H](CCC1=CC=CC=C1)N[C@H]2CCCN3CCC[C@H](N3C2=O)C(=O)O,Cilazapril,CE1,CE1,1.0,0.0,0,-8.24459553,-7.75178576,0,-8.64,1,3.6517813461,3.8997902508,1.255,1.214,2.773,2.773,7.7875585088,1,7,308.856,45.96,6.7201044386,5.5862580326,-0.2177,-0.0014,155.5,311,2.370189,1.235327,1.3510581964,3.455065,0.552244,1.118781
38,54892,CCOC(=O)[C@H](CCC1=CC=CC=C1)N[C@@H](C)C(=O)N2CC3=CC=CC=C3C[C@H]2C(=O)O,Quinapril,CE1,CE1,0.97,0.034,0,-7.63274193,-7.46744251,0,-9.646,1,4.3119880566,5.8124523224,1.295,1.182,2.767,2.767,8.2243756173,1,8,330.456,46.128,7.1638917794,5.4260998517,0.7539,-0.0014,-538.5,375,1.672005,1.234506,1.3530197744,3.201792,0.606502,1.157651
39,443874,CCOC(=O)[C@H](CCC1=CC=CC=C1)N[C@H]2CS[C@@H](CN(C2=O)CC(=O)O)C3=CC=CS3,Temocapril,CE1,CE1,1.0,0.002,0,-8.23158741,-7.8444705,0,-9.124,1,7.7922399219,4.4221751435,1.205,1.229,2.792,2.792,9.0137288252,1,9,344.68,46.144,7.4696601942,5.4260998517,1.1587,-0.0014,-827.6428571428,354,1.740626,1.235472,1.3529270342,3.27595,0.561328,1.04725
40,5362116,CCOC(=O)[C@H](CCC1=CC=CC=C1)N[C@@H](C)C(=O)N(CC(=O)O)C2CC3=CC=CC=C3C2,Delapril,CE1,CE1,0.99,0.009,0,-7.97891951,-7.83919287,0,-9.755,1,3.6035368737,9.0648438486,1.295,1.185,2.768,2.768,8.5160639438,1,10,343.968,46.16,7.4516464471,5.4260998517,0.7964,-0.0014,-568.8571428571,390,2.621564,1.233193,1.3597416409,3.874183,0.558392,1.086776
41,5464343,CCOC(=O)[C@H](CCC1=CC=CC=C1)N[C@@H](C)C(=O)N2[C@@H](CN(C2=O)C)C(=O)O,Imidapril,CE1,CE1,0.97,0.031,0,-7.54768419,-7.51463604,0,-7.992,0,2.8928154106,3.9534593712,1.257,1.247,2.763,2.763,7.5370618761,1,8,295.84,46.104,6.4167968072,6.4300543747,-0.937,-0.0014,669.2857142857,302,1.616124,1.23293,1.3554023867,3.258749,0.584496,1.122319
42,2244,CC(=O)OC1=CC=CC=C1C(=O)O,Aspirin,CE2,CE2,0.22,0.784,0,-5.95678902,-5.76868582,0,-6.595,0,3.2109796013,5.9567424823,1.036,1.039,2.449,2.449,0.3431958739,2,0,49.136,112.232,0.437807399,0.6179589132,0.0909,-0.2443,-0.3720835039,65,3.229633,1.233176,1.3612584839,4.069517,0.633111,1.163054
43,4914,CCN(CC)CCOC(=O)C1=CC=C(C=C1)N,Procaine,CE2,CE2,0.43,0.567,0,-6.27336264,-6.7097187,0,-6.378,0,6.6364969675,4.4585728658,1.206,1.176,2.732,2.732,1.0234820178,5,1,109.968,110.04,0.9993456925,2.5666801784,0.967,-1.0966,-0.8818165238,147,-3.934992,1.234318,1.3577321312,3.532615,0.620759,1.105007
44,91505,CCN(CC)CC#CCOC(=O)C(C1CCCCC1)(C2=CC=CC=C2)O,Oxybutynin,CE1,CE1,0.88,0.125,0,-8.15082741,-6.74308872,0,-7.005,1,5.1870698858,6.2206242452,1.319,1.3,2.935,2.935,1.5030338292,4,3,193.08,133.344,1.4479841613,2.3319821646,2.5391,-1.0932,-2.3226308086,276,-4.051948,1.23434,1.3692962864,3.994335,0.521168,0.98946
45,10476854,c1cc(Cl)ccc1C(=O)n2c(C)c(c(c23)cc(cc3)OC)CC(=O)OCCCC,Indomethacin butyl ester,CE1,CE1,0.97,0.029,0,-6.59493065,-7.93990946,0,-8.127,1,4.1232439899,4.3593030406,1.194,1.155,2.685,2.685,3.859996056,3,4,277.488,71.936,3.8574288256,3.3875432526,3.92732,0.7788,5.0427837699,320,-1.208658,1.233651,1.347804678,3.611245,0.600049,1.103614
46,145967725,c1cc(Cl)ccc1C(=O)n2c(C)c(c(c23)cc(cc3)OC)CC(=O)O[C@@H](C)CC,CHEMBL4228335,CE1,CE1,0.99,0.008,0,-7.10172653,-8.03102875,0,-8.44,1,5.0267645658,4.458728294,1.198,1.185,2.714,2.714,3.859996056,2,4,277.704,72.192,3.8467420213,3.3875432526,3.92732,0.7772,5.0531652084,303,-1.258019,1.23163,1.3565030557,3.60608,0.616616,1.141451
47,91716405,c1cc(Cl)ccc1C(=O)n2c(C)c(c(c23)cc(cc3)OC)CC(=O)OCC(C)C,Indomethacin isobutyl ester,CE1,CE1,0.99,0.012,0,-7.47736454,-8.1678648,0,-9.325,1,4.8092618976,4.2385127108,1.199,1.174,2.693,2.693,3.859996056,2,4,277.24,72.064,3.8471358792,3.3875432526,3.92732,0.6347,6.1876792185,304,-1.222191,1.23204,1.3483113105,3.654351,0.606113,1.13945
48,14500277,c1cc(Cl)ccc1C(=O)n2c(C)c(c(c23)cc(cc3)OC)CC(=O)OCC(C)(C)C,Chembl4225782,CE1,CE1,0.99,0.008,0,-7.74659538,-8.43207741,0,-8.234,1,7.4193539476,4.2101834877,1.187,1.169,2.709,2.709,3.3594422215,1,4,277.128,84.864,3.2655542986,3.3875432526,3.92732,1.0248,3.8322794692,318,-1.254827,1.231995,1.3500682242,3.644584,0.605191,1.141766
49,145970325,c1cc(Cl)ccc1C(=O)n2c(C)c(c(c23)cc(cc3)OC)CC(=O)O[C@@H](CC)c4ccccc4,Chembl4225024,CE1,CE1,0.97,0.033,0,-7.10845661,-8.96276283,1,-6.451,1,7.6153453631,4.8830581606,1.255,1.222,2.766,2.766,2.3263040625,3,4,277.544,123.592,2.2456469674,3.3875432526,3.92732,2.13,1.8438122066,412,-1.191335,1.233615,1.3557740262,3.585733,0.598285,1.069847
50,42605758,CC(C)C[C@@H](C(=O)OC1CCCC1)NCCC2=CC(=C(C(=C2)F)N3C(=O)C=CC(=C3N)C(=O)C4=C(C=C(C=C4)F)F)F,SCHEMBL3054028,CE1,CE1,0.97,0.033,0,-9.12889957,-9.7806406,0,-10.117,1,4.6924697122,8.1604449634,1.235,1.265,2.805,2.805,4.6598783041,1,10,395.368,78.304,5.0491418063,5.8823529412,3.8385,0.9213,4.166395311,678,-4.310756,1.235787,1.3532571226,3.258877,0.532994,1.004543
52,11362548,CC(C)OC(=O)CCCCCCCCCCCNC(=O)NC12CC3CC(C1)CC(C3)C2,Propan-2-yl 12-(1-adamantylcarbamoylamino)dodecanoate,CE1,CE1,0.95,0.052,0,-7.9899168,-7.76226902,0,-6.14,0,15.5922604519,3.9970640475,1.095,1.111,2.586,2.586,6.0133800398,1,13,326.376,58.992,5.532546786,3.8769154721,5.24,0.3871,13.5365538621,529,1.072217,1.231909,1.3540995754,5.131568,0.613492,1.136686
54,45375806,C[C@@H](C(=O)OC(C)C)NP(=O)(OC[C@@H]1[C@H]([C@@]([C@@H](O1)N2C=CC(=O)NC2=O)(C)F)O)OC3=CC=CC=C3,Sofosbuvir,CE1,CE1,0.99,0.009,0,-8.06731033,-8.74448872,0,-6.811,1,14.7312935617,3.6276379367,1.241,1.241,2.819,2.819,7.7807267928,1,9,354.552,59.032,6.0060983873,8.3628274839,0.7895,0.3871,2.0395246706,451,-1.013238,1.234209,1.356236517,3.91023,0.575575,1.09422
55,10099576,CC(C)C1=C(C(=C(N1CC[C@H](C[C@H](CC(=O)OC)O)O)C2=CC=C(C=C2)F)C3=CC=CC=C3)C(=O)NC4=CC=CC=C4,Atorvastatin Methyl Ester,CE1,CE1,0.95,0.047,0,-6.74111176,-8.97277451,0,-9.396,1,6.8875754805,13.5207406972,1.15,1.08,2.554,2.554,10.48306991,0,12,451.504,33.264,13.5733525734,5.5259515571,6.3136,-0.3915,-16.1266922095,547,-0.360382,1.233872,1.3483438248,4.226609,0.599935,1.127901
56,70651915,CC(C)C1=C(C(=C(N1CC[C@H](C[C@H](CC(=O)OCC=C)O)O)C2=CC=C(C=C2)F)C3=CC=CC=C3)C(=O)NC4=CC=CC=C4,Atorvastatin Allyl Ester,CE1,CE1,0.98,0.015,0,-6.88412762,-9.11792946,1,-5.926,1,6.5232517965,4.8120163134,1.193,1.147,2.607,2.607,7.0754713541,2,12,451.416,57.848,7.8034849952,5.5259515571,6.3136,0.1647,38.3339404979,645,-0.433954,1.231996,1.3552988563,4.205389,0.613939,1.102644
57,70652518,CC(C)C1=C(C(=C(N1CC[C@H](C[C@H](CC(=O)OCC=C)O)O)C2=CC=C(C=C2)F)C3=CC=CC=C3)C(=O)NC4=CC=CC=C4,CHEMBL3753174,CE1,CE1,0.99,0.005,0,-7.45344782,-9.41335011,1,-6.455,1,8.0313361902,14.4184045234,1.216,1.17,2.643,2.643,4.3543245393,2,12,451.808,97.344,4.6413543721,5.5259515571,6.3136,1.1789,5.3555008907,788,-0.604321,1.231932,1.3550721199,4.138368,0.596423,1.097481
58,135373260,CC(=CCC/C(=C/C(=O)OCC(=O)NCC1=CC(=C(C=C1I)O)OC)/C)C,Chembl4226608,CE2,CE2,0.19,0.808,0,-7.1446867,-7.2275095,0,-6.952,0,6.3871735533,4.7897212863,1.168,1.1,2.641,2.606,0.5105553347,5,5,164.136,202.184,0.8118149804,0.4734103313,3.1538,0.6139,5.1373187816,516,-0.274452,1.233383,1.3567529031,4.055843,0.595786,1.113487
59,M82,c1cc(O)c(OC)cc1CNC(=O)COC(=O)CCCCCCCCCCCC,{[(4-hydroxy-3-methoxyphenyl)methyl]carbamoyl}methyl tridecanoate,CE2,CE2,0.2,0.798,0,-7.78757191,-5.99747038,0,-6.894,0,6.57,10.8511070864,1.24,1.226,2.605,2.435,0.5910430884,5,4,174.624,198.192,0.8810850085,0.509328595,2.6572,0.6139,4.3283922463,476,-0.621422,1.233359,1.3529765741,4.019525,0.61324,1.130407
60,132527120,CCC(=O)OC[C@@H]1[C@H]([C@@H]([C@@H]([C@H](O1)OC2=CC=C(C=C2)C3=CC=C(C=C3)S(=O)(=O)C)O)O)O,4'-(Methylsulfonyl)biphenyl-4-yl 6-O-propanoyl-alpha-D-mannopyranoside,CE2,CE2,0.05,0.954,0,-9.93557262,-8.55972195,0,-7.467,0,2.9964088506,3.9003801097,1.078,1.107,2.545,2.545,0.1946716066,6,1,62.232,310.912,0.2001595307,0.2793588975,0.481,-0.0642,-7.492211838,445,-0.946761,1.23384,1.3476018997,4.25487,0.598647,1.117342
61,132527123,CCCC(=O)OC[C@@H]1[C@H]([C@@H]([C@@H]([C@H](O1)OC2=CC=C(C=C2)C3=CC=C(C=C3)S(=O)(=O)C)O)O)O,4'-(Methylsulfonyl)biphenyl-4-yl 6-O-butanoyl-alpha-D-mannopyranoside,CE2,CE2,0.05,0.949,0,-9.9000845,-8.60476398,0,-7.455,0,3.1346473486,3.9020474113,1.101,1.13,2.582,2.582,0.2267370093,6,2,75.048,311.656,0.2408039633,0.2793588975,0.8711,-0.0642,-13.5685358255,480,-0.998055,1.231815,1.3467970114,4.234324,0.600705,1.113606
62,81689779,CCCCC(=O)OC[C@@H]1[C@H]([C@@H]([C@@H]([C@H](O1)OC2=CC=C(C=C2)C3=CC=C(C=C3)S(=O)(=O)C)O)O)O,4'-(Methylsulfonyl)biphenyl-4-yl 6-O-pentanoyl-alpha-D-mannopyranoside,CE2,CE2,0.05,0.952,0,-9.59071922,-8.49638653,0,-7.573,0,5.5655535214,8.7877720157,1.155,1.113,2.598,2.598,0.2588024119,6,3,88.16,311.208,0.2832832061,0.2793588975,1.2612,-0.0642,-19.6448598131,516,-0.723956,1.232276,1.3482714341,4.195889,0.602769,1.097899
63,5362129,CCOC(=O)[C@H](CCC1=CC=CC=C1)N[C@@H](C)C(=O)N2[C@H]3CCC[C@H]3C[C@H]2C(=O)O,Ramipril,CE1,CE1,0.93,0.071,0,-7.92162561,-8.25473213,0,-8.324,0,5.3304841244,3.5263695212,1.216,1.171,2.766,2.766,7.7668457695,1,8,311.264,46.208,6.7361495845,5.4260998517,0.57,-0.0014,-407.1428571428,315,2.549412,1.233009,1.356471323,3.800306,0.613446,1.17723
64,135409642,CCOC1=NC2=CC=CC(=C2N1CC3=CC=C(C=C3)C4=CC=CC=C4C5=NOC(=O)N5)C(=O)OCC6=C(OC(=O)O6)C,Azilsartan medoxomil,CE1,CE1,0.76,0.244,0,-9.52372169,-6.66350651,1,-7.582,1,6.85,11.65,1.361,1.327,2.857,2.485,1.0,1,7,449.552,449.552,1.0,1.0,3.7998,3.7998,1.0,644,-0.977867,1.2319344179,1.3525315597,4.071537,0.603556,1.095423
65,446220,CN1[C@H]2CC[C@@H]1[C@H]([C@H](C2)OC(=O)C3=CC=CC=C3)C(=O)OC,Cocaine,CE1,CE1,0.95,0.048,0,-8.82120132,-5.90251446,0,-7.791,0,3.14,15.91,1.255,1.251,2.78,3.817,9.0279606992,0,3,231.52,29.016,7.9790460436,3.5032130499,-0.9725,-0.3915,2.4840357599,178,-3.667568,1.2337052403,1.350345515,4.30163,0.598306,1.15049
66,446220,CN1[C@H]2CC[C@@H]1[C@H]([C@H](C2)OC(=O)C3=CC=CC=C3)C(=O)OC,Cocaine,CE2,CE2,0.14,0.865,0,-8.82120132,-5.90251446,0,-7.572,0,6.39,15.18,1.281,1.232,2.813,3.552,0.604760106,1,1,100.528,160.328,0.62701462,0.787325878,0.0501,-1.4141,-0.0354288947,178,-3.667568,1.234185845,1.3614866801,4.30163,0.614412,1.107152
67,3339,CC(C)OC(=O)C(C)(C)OC1=CC=C(C=C1)C(=O)C2=CC=C(C=C2)Cl,Fenofibrate,CE1,CE1,0.99,0.011,0,-7.84169579,-8.41676903,0,-7.814,0,3.2516700325,3.7468526792,1.225,1.189,2.81,2.81,4.836446796,1,5,249.856,59.096,4.227968052,3.1438457736,3.813,0.3871,9.8501679153,288,-0.963035,1.233579,1.358195148,4.234016,0.541311,1.047906
68,9811834,CCOC(=O)[C@H](C)C[C@@H](CC1=CC=C(C=C1)C2=CC=CC=C2)NC(=O)CCC(=O)O,Sacubitril,CE1,CE1,0.98,0.02,0,-8.66751671,-8.65420914,0,-7.775,0,3.2438170417,5.4260256173,1.225,1.196,2.716,2.716,7.6622351601,1,10,313.456,46.064,6.804793331,5.2659416708,2.0218,-0.0014,-1444.1428571428,357,1.000414,1.233644,1.3498504102,2.848378,0.587563,1.129331
79,4058,CCOC(=O)C1(CCN(CC1)C)C2=CC=CC=C2,Meperidine,CE1,CE1,0.9,0.097,0,-6.9042592,-6.11450577,0,-7.027,0,4.2741746572,13.2608101562,1.233,1.259,2.931,2.931,4.2900709376,1,2,183.256,46.144,3.9713938974,2.0632723678,1.7346,-0.0014,-1238.9999999999,112,-4.008612,1.235176,1.3579228034,4.251684,0.551847,0.976973
81,M87,c1cccc(c12)oc(-c3ccccc3)c(c2=O)OC(=O)c4ccc(cc4)CC,4-oxo-2-phenyl-4H-chromen-3-yl 4-ethylbenzoate,CE2,CE2,0.07,0.933,0,-9.42055988,-8.27173424,0,-8.209,0,4.3918917336,3.8703720751,1.297,1.285,2.843,2.843,0.5923122325,2,2,126.112,194.104,0.6497135556,0.7394924663,1.9472,3.1656,0.6151124589,288,-0.887048,1.23539,1.3777250705,4.182739,0.596975,1.067674
82,M88,c1ccc2c(O)ccc(c2c13)C(=O)N(C3=O)CCCC(=O)OC,"(N-(4-methyl butyrate)-4-hydroxy-1,8-naphthalimide) (NMHN)",CE1,CE1,0.91,0.088,0,-8.5202322,-8.29697132,0,-8.19,0,3.8444906034,3.5198556789,1.078,1.078,2.534,2.534,6.0595420268,0,4,230.824,33.28,6.9358173077,4.8314384577,2.0062,-0.3915,-5.1243933589,211,2.368984,1.232421,1.3492491653,3.51593,0.598275,1.130378
83,132535038,c1cccc(c12)nc(s2)-c3cccc(OC)c3OC(=O)c4ccccc4,"[2-(1,3-Benzothiazol-2-yl)-6-methoxyphenyl] benzoate (BMBT)",CE1,CE2,0.39,0.614,1,-9.77323437,-7.99851894,0,-8.989,1,3.7835122571,6.8408573293,1.361,1.343,2.843,2.843,0.4449474182,3,1,100.424,203.304,0.4939597844,0.880755608,1.3848,3.6775,0.3765601632,241,-1.045189,1.235834,1.3701735,3.94736,0.590564,1.076824
84,101876881,c1ccccc1C(=O)Oc2ccc(cc2)/C=C/C(C3(C)C)=C(C#N)C(O3)=C(C#N)C#N,"Benzoic acid 4-[2-[2,5-dihydro-2,2-dimethyl-4-cyano-5-(dicyanomethylene)furan-3-yl]ethenyl]phenyl ester",CE2,CE2,0.07,0.934,0,-9.95990467,-9.54149151,0,-4.359,0,5.1364074021,3.8189972506,1.197,1.194,2.784,2.784,0.3668548007,3,1,100.672,256.544,0.3924161158,0.3699295844,1.3848,3.33564,0.4151527143,415,-2.145235,1.235829,1.3709872939,3.764834,0.598275,1.065855
85,2796,CCOC(=O)C(C)(C)OC1=CC=C(C=C1)Cl,Clofibrate,CE1,CE1,0.91,0.091,0,-6.63753414,-6.18800068,0,-6.787,0,3.3719790925,3.6892950546,1.155,1.153,2.767,2.767,4.1632546618,1,3,165.632,46.312,3.5764380722,2.3000494315,2.582,-0.0014,-1844.2857142856,122,-0.243665,1.234003,1.3535424375,4.464294,0.532059,1.039919
86,M94,c1cc(F)ccc1C(=O)CCCN(CC2)CCC2(c3ccc(Cl)cc3)OC(=O)CCCC,4-(4-chlorophenyl)-1-[4-(4-fluorophenyl)-4- oxobutyl]piperidin-4-yl pentanoate,CE2,CE2,0.07,0.932,0,-7.89601803,-8.53752518,0,-7.194,0,3.5656856283,10.9309045371,1.26,1.26,2.712,2.712,0.2640494118,7,3,88.376,301.768,0.2928607407,0.8936272161,1.2612,4.4256,0.284978308,446,-3.936605,1.23114,1.363203235,4.068066,0.603014,1.076411
87,M96,c1cc(F)ccc1C(=O)CCCN(CC2)CCC2(OC(=O)[C@@H](C)CC)c3ccc(Cl)cc3,4-(4-chlorophenyl)-1-[4-(4-fluorophenyl)-4- oxobutyl]piperidin-4-yl (2S)-2-methylbutanoate,CE2,CE2,0.11,0.891,0,-7.96210003,-8.42661095,0,-7.389,0,3.5931214842,11.3577635563,1.315,1.298,2.821,2.821,0.2640494118,7,2,88.288,301.832,0.29250709,0.8936272161,1.1171,4.4256,0.2524177513,432,-3.817612,1.232933,1.3637915896,4.091829,0.58183,1.04899
88,M98,c1cc(F)ccc1[C@H](OC(=O)C(C)(C)C)CCCN(CC2)CCC2(O)c3ccc(Cl)cc3,"(1R)-4-[4-(4-chlorophenyl)-4-hydroxypiperidin-1-yl]-1-(4-fluorophenyl)butyl 2,2-dimethylpropanoate",CE2,CE2,0.18,0.821,0,-8.76695919,-5.38543129,0,-7.937,1,3.04,16.136059866,1.349,1.252,2.857,4.273,0.2686733979,5,0,87.8,299.688,0.2929713569,0.8937639198,-0.2176,3.3346,-0.065255203,431,-3.95823,1.2342413297,1.3625615766,3.833434,0.570373,1.041803
91,M105,c1ccc(c2c13)C(=O)N(CCCC)C(=O)c2ccc3OC(=O)c4ccccc4,"3-butyl-2,4-dioxo-3-azatricyclo[7.3.1.0{5,13}]trideca-1(13),5,7,9,11-pentaen-8-yl benzoate",CE2,CE2,0.08,0.924,0,-9.07194614,-9.39368629,0,-9.18,0,3.267997246,3.9159316899,1.236,1.229,2.82,2.82,0.4340388305,4,1,100.368,219.264,0.4577495622,0.6474570387,1.3848,2.9415,0.4707802142,308,-1.727496,1.235747,1.3697326637,3.794549,0.595687,1.05294
92,M106,c1cc(C)ccc1S(=O)(=O)NCCN(C(=O)c(c2c34)ccc3)C(=O)c2ccc4OC(=O)c5ccccc5,"3-[2-(4-methylbenzenesulfonamido)ethyl]-2,4-dioxo-3-azatricyclo[7.3.1.0^{5,13}]trideca-1(13),5,7,9,11-pentaen-8-yl benzoate",CE2,CE2,0.07,0.926,0,-10.4241476,-10.7376032,0,-8.269,0,3.2001204665,4.1999460711,1.24,1.234,2.824,2.824,0.306103666,6,1,100.824,315.696,0.3193705337,0.3594141453,1.3848,2.42832,0.5702708045,548,-1.922841,1.235853,1.3702094621,3.728985,0.595779,1.054316
96,141447875,c1cc(N(C)C)cc(c12)sc(n2)C3=N[C@H](CS3)C(=O)OC,"Methyl (4S)-2-[6-(dimethylamino)-1,3-benzothiazol-2-yl]-4,5-dihydro-1,3-thiazole-4-carboxylate",CE1,CE1,0.98,0.023,0,-6.88261127,-6.95389414,0,-9.206,1,3.1659467778,3.7307373266,1.138,1.15,2.74,2.74,6.4360584948,0,3,228.784,33.248,6.8811357074,3.2521008403,2.3089,-0.3915,-5.8975734355,194,-1.0592,1.234676,1.3505693429,3.517979,0.5836,1.0709
97,M116,O=C1N(C)C(C)=N/C1=C\c(cc2F)cc(F)c2OC(=O)C3CC3,"4-{[(4Z)-1,2-dimethyl-5-oxo-4,5-dihydro-1H-imidazol-4-ylidene]methyl}-2,6-difluorophenyl cyclopropanecarboxylate",CE2,CE2,0.04,0.963,0,-7.86808729,-7.79212284,0,-7.493,0,5.2611246896,4.7823957385,1.156,1.174,2.71,2.71,0.3000880637,2,1,71.656,193.176,0.3709363482,0.7051039698,0.481,1.9017,0.2529315875,216,-1.703159,1.235419,1.3609582653,3.77757,0.596349,1.073611
98,M117,CC(C)(C)C(=O)Oc1c(F)cc(cc1F)/C=C2\N=C(C)N(C2=O)C,"4-{[(4Z)-1,2-dimethyl-5-oxo-4,5-dihydro-1H-imidazol-4-ylidene]methyl}-2,6-difluorophenyl 2,2-dimethylpropanoate",CE2,CE2,0.07,0.93,0,-8.11493587,-8.37568378,0,-8.07,0,3.3688371881,6.1539347575,1.206,1.234,2.835,2.835,0.361731924,2,0,87.88,193.088,0.4551292675,0.7051039698,1.1171,1.9017,0.5874217805,228,-1.659608,1.235969,1.3678040247,3.775678,0.559978,1.037432
99,M118,O=C1N(C)C(C)=N/C1=C\c(cc2F)cc(F)c2OC(=O)c3ccccc3,"4-{[(4Z)-1,2-dimethyl-5-oxo-4,5-dihydro-1H-imidazol-4-ylidene]methyl}-2,6-difluorophenyl benzoate",CE2,CE2,0.1,0.899,0,-8.88527966,-9.0855484,0,-8.884,0,5.4140841331,4.4805393649,1.223,1.235,2.799,2.799,0.4385159487,2,1,100.632,193.16,0.520977428,0.7051039698,1.3848,1.9017,0.7281905663,280,-1.686942,1.235948,1.3704276194,3.774336,0.590037,1.056027
100,M119,O=C1N(C)C(C)=N/C1=C\c(cc2F)cc(F)c2OC(=O)c3cccs3,"4-{[(4Z)-1,2-dimethyl-5-oxo-4,5-dihydro-1H-imidazol-4-ylidene]methyl}-2,6-difluorophenyl thiophene-2-carboxylate",CE2,CE2,0.08,0.924,0,-8.1265955,-8.27014732,0,-8.432,0,3.3101995408,4.3730897544,1.294,1.3,2.982,2.982,0.4614196919,2,1,95.624,192.808,0.4959545247,0.7051039698,1.4463,1.9017,0.7605300521,254,-1.681776,1.235099,1.3660272215,3.766568,0.613604,1.086416
101,M120,c1ccccc1C2(c3ccccc3)C(=O)N(C(=O)N2)COC(=O)CC(C)(C)CC(=O)O,"5-[(2,5-dioxo-4,4-diphenylimidazolidin-1-yl)methoxy]-3,3-dimethyl-5-oxopentanoic acid ",CE1,CE1,0.73,0.266,0,-9.10906315,-8.3486557,0,-7.744,1,6.337884584,5.9024352601,1.193,1.148,2.69,2.69,0.5398193639,4,4,129.272,227.6,0.5679789104,1.1118609994,-0.3727,1.4318,-0.2603017181,348,2.009574,1.233272,1.3656680453,3.301803,0.615343,1.131325
107,57892870,c1ccccc1NC(=O)c(c2C(C)C)c(-c3ccccc3)c(-c4ccc(F)cc4)n2CC[C@@H](O)C[C@@H](O)CC(=O)OCC,Atorvastatin Ethyl Ester,CE1,CE1,0.97,0.027,0,-6.64674091,-9.00079346,1,-8.346,1,7.254662294,4.1863920027,1.156,1.128,2.591,2.591,7.1483303485,1,12,451.488,46.16,9.7809358752,5.5259515571,6.3136,-0.0014,-4509.7142857141,595,-0.203553,1.233532,1.3488122256,4.282278,0.60302,1.09074
108,M136,c1ccccc1NC(=O)c(c2C(C)C)c(-c3ccccc3)c(-c4ccc(F)cc4)n2CC[C@@H](O)C[C@@H](O)CC(=O)OCCC,Atorvastatin Propyl Ester,CE1,CE1,0.98,0.019,0,-6.85249043,-9.07241344,1,-7.625,1,8.8979286354,4.2356292331,1.145,1.142,2.607,2.607,6.0942659231,2,12,451.424,59.24,7.6202565834,5.5259515571,6.3136,0.3887,16.2428608181,645,-0.147304,1.233402,1.3487010121,4.29262,0.618301,1.147612
109,127029804,c1ccccc1NC(=O)c(c2C(C)C)c(-c3ccccc3)c(-c4ccc(F)cc4)n2CC[C@@H](O)C[C@@H](O)CC(=O)OCCCC,"Butyl (3R,5R)-7-[2-(4-fluorophenyl)-3-phenyl-4-(phenylcarbamoyl)-5-propan-2-ylpyrrol-1-yl]-3,5-dihydroxyheptanoate",CE1,CE1,0.93,0.068,0,-5.9425,-6.1,1,-7.959,1,6.82,10.72,1.262,1.297,2.503,2.615,11.8399227894,2,12,406.464,42.36,9.5954674221,7.1675729115,3.17542,-0.0014,-2268.1571428571,696,-0.475162,1.225858,1.3572371053,4.056096,0.607632,1.119777
110,M137,c1ccccc1NC(=O)c(c2C(C)C)c(-c3ccccc3)c(-c4ccc(F)cc4)n2CC[C@@H](O)C[C@@H](O)CC(=O)OCCCCC,"pentyl (3R,5R)-7-[2-(4-fluorophenyl)-3-phenyl-4-(phenylcarbamoyl)-5-(propan-2-yl)-1H-pyrrol-1-yl]-3,5-dihydroxyheptanoate",CE1,CE1,0.99,0.01,0,-6.86071157,-9.22177315,1,-7.245,1,6.7195472318,14.0842270998,1.133,1.151,2.62,2.62,4.6550485885,4,12,451.224,85.104,5.3020304569,5.5259515571,6.3136,1.1689,5.401317478,749,-0.441585,1.232232,1.349161258,4.176416,0.610653,1.103554
111,M138,c1ccccc1NC(=O)c(c2C(C)C)c(-c3ccccc3)c(-c4ccc(F)cc4)n2CC[C@@H](O)C[C@@H](O)CC(=O)OCCCCCC,"hexyl (3R,5R)-7-[2-(4-fluorophenyl)-3-phenyl-4-(phenylcarbamoyl)-5-(propan-2-yl)-1H-pyrrol-1-yl]-3,5-dihydroxyheptanoate",CE1,CE1,0.97,0.035,0,-6.1879034,-8.69739342,1,-4.927,1,6.6172920443,4.1985279563,1.178,1.15,2.623,2.623,4.1859967694,5,12,451.28,98.112,4.5996412264,5.5259515571,6.3136,1.559,4.0497754971,803,-0.418654,1.233532,1.3480523914,4.201534,0.613073,1.116552
112,142859381,c1ccccc1NC(=O)c2c(C(C)C)n(c(-c3ccc(F)cc3)c2-c4ccccc4)CC[C@@H](O)C[C@@H](O)CC(=O)OCC(C)C,"2-Methylpropyl (3R,5R)-7-[2-(4-fluorophenyl)-3-phenyl-4-(phenylcarbamoyl)-5-propan-2-ylpyrrol-1-yl]-3,5-dihydroxyheptanoate",CE1,CE1,0.98,0.018,0,-7.46935415,-8.95448303,1,-7.828,1,7.2557765952,4.514335167,1.139,1.174,2.623,2.623,5.2424823649,2,12,450.768,71.816,6.2767071405,5.5259515571,6.3136,0.6347,9.9473767134,664,-0.516024,1.232207,1.3480636075,4.14741,0.594023,1.100967
113,M139,c1ccccc1NC(=O)c2c(C(C)C)n(c(-c3ccc(F)cc3)c2-c4ccccc4)CC[C@@H](O)C[C@@H](O)CC(=O)OCC(F)(F)F,"2,2,2-trifluoroethyl (3R,5R)-7-[2-(4-fluorophenyl)-3-phenyl-4-(phenylcarbamoyl)-5-(propan-2-yl)-1H-pyrrol-1-yl]-3,5-dihydroxyheptanoate",CE1,CE1,1.0,0.001,0,-7.24211931,-9.15190792,0,-8.514,1,6.9653380392,14.3427622863,1.167,1.159,2.621,2.621,4.2498798945,1,12,451.464,67.544,6.6839985787,5.5259515571,6.3136,0.541,11.6702402957,683,-0.543183,1.233509,1.3484566882,4.166452,0.606508,1.08367
114,M140,c1ccccc1NC(=O)c2c(C(C)C)n(c(-c3ccc(F)cc3)c2-c4ccccc4)CC[C@@H](O)C[C@@H](O)CC(=O)Oc5ccc(C)cc5,"4-methylphenyl (3R,5R)-7-[2-(4-fluorophenyl)-3-phenyl-4-(phenylcarbamoyl)-5-(propan-2-yl)-1H-pyrrol-1-yl]-3,5-dihydroxyheptanoate",CE1,CE1,0.99,0.008,0,-8.27010918,-8.95335102,1,-2.555,1,7.085657062,14.4948371843,1.214,1.204,2.672,2.672,4.0141973861,1,12,451.96,97.216,4.6490289664,5.5259515571,6.3136,1.70062,3.712528372,786,-0.254867,1.234824,1.3603138204,4.244623,0.594934,1.046756
115,127037168,c1ccccc1NC(=O)c2c(C(C)C)n(c(-c3ccc(F)cc3)c2-c4ccccc4)CC[C@@H](O)C[C@@H](O)CC(=O)Oc5ccc(F)cc5,CHEMBL3754171,CE1,CE1,0.99,0.006,0,-8.10724354,-10.1182718,1,-6.634,1,7.0660301443,4.1994877069,1.199,1.268,2.671,2.671,3.9071268476,1,12,451.216,91.648,4.9233589385,5.5259515571,6.3136,1.5313,4.1230327173,786,-0.616742,1.233131,1.3620615148,4.10382,0.587871,1.060364
116,M141,c1ccccc1NC(=O)c2c(C(C)C)n(c(-c3ccc(F)cc3)c2-c4ccccc4)CC[C@@H](O)C[C@@H](O)CC(=O)Oc5ccc(Cl)cc5,"4-chlorophenyl (3R,5R)-7-[2-(4-fluorophenyl)-3-phenyl-4-(phenylcarbamoyl)-5-(propan-2-yl)-1H-pyrrol-1-yl]-3,5-dihydroxyheptanoate",CE1,CE1,0.99,0.009,0,-8.12324429,-8.91243076,1,-3.54,1,6.9673748284,14.4515581859,1.202,1.202,2.678,2.678,3.5289423793,1,12,451.032,101.56,4.4410397794,5.5259515571,6.3136,2.0456,3.0864294095,786,-0.570924,1.234283,1.3614775319,4.156288,0.59439,1.043492
117,53276,CCOC(=O)NC1=C(N=C(C=C1)NCC2=CC=C(C=C2)F)N,Flupirtine,CE2,CE1,0.71,0.294,-1,-7.69692039,-8.12565517,0,-6.653,0,2.7566408906,3.9172074237,1.173,1.164,2.46,2.46,5.4758403338,1,4,212.64,46.144,4.6081830791,5.0182896688,2.5049,-0.0014,-1789.2142857142,249,-0.006044,1.23363,1.3480681214,4.031465,0.733313,1.2761
118,107807,CCC[C@@H](C(=O)OCC)N[C@@H](C)C(=O)N1[C@H]2CCCC[C@H]2C[C@H]1C(=O)O,Perindopril,CE1,CE1,1.0,0.001,0,-7.86992788,-6.84682798,0,-7.693,1,4.1207558773,6.9015889475,1.225,1.19,2.739,2.739,6.7098495552,1,7,272.904,46.104,5.9193128579,5.4260998517,0.1274,-0.0014,-91.0,247,3.041008,1.234702,1.3548325505,3.784278,0.572051,1.068629
119,91270,CCOC(=O)[C@H](CCC1=CC=CC=C1)N[C@@H](C)C(=O)N2CC3=CC(=C(C=C3C[C@H]2C(=O)O)OC)OC,Moexipril,CE1,CE1,1.0,0.004,0,-7.49171209,-8.31696892,0,-7.342,1,3.6176793667,3.8602086731,1.277,1.212,2.769,2.769,9.4735123108,1,10,374.16,46.12,8.1127493495,6.3386060306,0.7711,-0.0014,-550.7857142857,471,1.692076,1.234345,1.3540341133,3.317596,0.540826,1.088541
124,10322450,CC(C)C[C@H]1C2=C(C[C@@H]3N1C(=O)[C@@H](NC3=O)CCC(=O)OC(C)(C)C)C4=C(N2)C=C(C=C4)OC,Ko-143,CE1,CE1,0.97,0.025,0,-7.0385251,-8.52450562,0,-9.4,1,18.5389042287,8.7557342925,1.186,1.165,2.797,2.668,4.349952483,0,6,325.768,72.104,4.5180295129,5.5229856649,2.3802,0.7772,3.0625321668,407,-0.252694,1.231047,1.3634789107,4.056274,0.622218,1.14018
126,91146589,CCCC(=O)O[C@H](C[NH2+]C(C)C)COc1cccc(c12)cccc2,Butyryl-(R)-Propranolol,CE2,CE2,0.12,0.875,0,-8.38132954,-6.11521912,0,-8.176,0,3.39,13.9271657562,1.177,1.183,2.62,2.385,0.3345773587,6,2,75.256,219.168,0.3433712951,0.8710657695,-0.4636,1.5513,-0.2988461291,230,-4.082298,1.233544,1.3533281974,3.212582,0.583727,1.092353
127,101631878,CCCCC(=O)O[C@H](C[NH2+]C(C)C)COc1cccc(c12)cccc2,Valeryl-(R)-Propranolol,CE2,CE2,0.15,0.846,0,-8.40494537,-5.48179388,0,-8.08,0,3.3377561325,7.0689643513,1.216,1.207,2.635,2.422,0.3884496195,6,3,88.112,218.872,0.4025731935,0.8710657695,-0.0735,1.5513,-0.0473796171,255,-3.964513,1.233172,1.3528596564,3.264753,0.578901,1.056325
128,93477809,CC(C)CC(=O)O[C@H](C[NH2+]C(C)C)COc1cccc(c12)cccc2,Isovaleryl-(R)-Propranolol,CE1,CE2,0.28,0.715,1,-8.38161278,-6.0038166,0,-8.372,0,3.7513945407,12.4804555205,1.224,1.192,2.657,2.51,0.3884496195,6,2,88.16,218.984,0.4025864903,0.8710657695,-0.2176,1.5513,-0.1402694514,242,-3.703893,1.23293,1.3535936244,3.541313,0.586953,1.052265
129,20165203,OCCOC(=O)[C@H](C)c1cc(F)c(cc1)-c2ccccc2,Hydroxyethyl-(R)-flurbiprofen,CE1,CE1,0.99,0.01,0,-8.20933437,-7.30210829,0,-6.55,0,5.3271865933,14.5003146518,1.201,1.186,2.741,3.58,3.9183639713,1,3,197.904,50.872,3.8902343136,0.9918437963,2.3461,-1.029,-2.2799805637,206,-0.608246,1.233981,1.350742618,4.334915,0.585682,1.094311
130,20165203,OCCOC(=O)[C@@H](C)c1cc(F)c(cc1)-c2ccccc2,Hydroxyethyl-(S)-flurbiprofen,CE1,CE1,0.99,0.015,0,-8.22721481,-7.30684042,0,-6.195,0,5.66,14.1431984006,1.201,1.189,2.741,3.58,3.9183639713,1,3,197.872,50.848,3.891441158,0.9918437963,2.3461,-1.029,-2.2799805637,206,-0.502455,1.234035,1.350569354,4.337005,0.585988,1.095101
131,M292,OCCCOC(=O)[C@H](C)c1cc(F)c(cc1)-c2ccccc2,Hydroxypropyl-(R)-flurbiprofen,CE1,CE1,0.98,0.02,0,-8.22401333,-7.16163015,0,-7.421,0,5.2835193763,14.0917767865,1.209,1.203,2.752,3.586,3.1962513628,2,3,198.104,63.832,3.1035217446,0.9918437963,2.3461,-0.6389,-3.6720926593,232,-0.606668,1.233951,1.351646004,4.336563,0.591377,1.094126
132,M293,OCCCOC(=O)[C@@H](C)c1cc(F)c(cc1)-c2ccccc2,Hydroxypropyl-(S)-flurbiprofen,CE1,CE1,0.98,0.018,0,-8.16845226,-7.19867134,0,-7.755,0,5.48,15.3378379506,1.214,1.228,2.752,3.586,3.1962513628,2,3,197.824,63.896,3.0960310505,0.9918437963,2.3461,-0.6389,-3.6720926593,232,-0.555091,1.234207,1.3507811407,4.333479,0.593303,1.09503
134,5281078,O=C1OCc(c12)c(C)c(OC)c(c2O)C\C=C(C)\CCC(=O)OCCN3CCOCC3,Mycophenolate Mofetil Open_Ester,CE1,CE1,0.92,0.082,0,-8.38558578,-6.26536989,0,-5.868,0,6.53,9.98,1.174,1.168,2.613,2.476,2.4342622972,2,6,254.56,106.696,2.3858438929,2.9324159021,1.39852,-0.6891,-2.0294877376,428,-0.944654,1.2337085596,1.3484202386,3.980923,0.605807,1.122054
136,53378151,CC(=O)Oc(c1)sc(c12)CCN(C2)[C@H](C(=O)OC)c3ccccc3Cl,Vicagrel_thiophene,CE2,CE2,0.06,0.937,0,-7.33496046,-5.38624954,0,-6.566,0,3.0468096429,16.1550779014,1.078,1.075,2.516,1.284,0.1750872651,3,0,49.36,254.64,0.1938422872,0.8063090215,-1.2438,3.3795,-0.3680426099,235,-0.435983,1.2313456866,1.3669863277,4.196982,0.607076,1.077624
137,16533,O=C(C=1)S[C@@H](C12)CCN(C2)[C@H](C(=O)OC)c3ccccc3Cl,2_oxo_clopidogrel,CE1,CE1,0.98,0.022,0,-8.23697567,-6.03212976,0,-8.39,1,4.7468977238,14.5345316746,1.393,1.319,2.784,3.304,10.0552318802,0,3,242.184,29.016,8.3465674111,2.9876421157,1.4051,-0.3915,-3.5890166028,173,-0.888572,1.2345186471,1.3498383088,4.230419,0.413033,0.739574
138,16533,CCCCC(=O)O[C@]1(C(=O)CO)[C@@H](C)C[C@H]([C@@]12C)[C@H]3[C@](F)([C@H](C2)O)[C@]4(C)C(CC3)=CC(=O)C=C4,betamethasone valerate,CE2,CE2,0.1,0.9,0,-6.4720068,-6.24652767,1,-6.565,1,14.6309991456,13.7803080154,1.279,1.3,2.753,2.479,0.2576767677,2,3,87.96,308.696,0.284940524,0.4231783191,-0.0735,1.8957,-0.0387719576,372,-0.883643,1.2310837218,1.3733442176,4.4553,0.610297,1.092766
141,M303,FC(F)(F)[C@H](Cl)/C=C\[C@H]1[C@H](C1(C)C)C(=O)OCc(c2C)cccc2-c3ccccc3,1RS-cis-Bifenthrin (E7),CE2,CE1,0.56,0.445,-1,-10.4056644,-7.02732468,0,-9.364,0,3.99,7.813816801,1.292,1.262,2.829,3.707,1.2874041755,2,3,186.688,170.648,1.0939946557,1.9836875927,1.7344,3.15432,0.5498490958,377,-0.335767,1.232674,1.3537950251,4.449067,0.625289,1.143669
142,54759694,Nc1ncnn(c12)c(cc2)[C@@]3(C#N)[C@](C)(O)[C@H](OC(=O)C(C)C)[C@H](O3)CO[P@@](=O)(N[C@@H](C)C(=O)OC(C)C)Oc4ccccc4,GS-6620 (large_alc),CE2,CE2,0.15,0.852,0,-6.87070227,-5.72276974,1,-7.028,1,11.7,14.99,1.39,1.335,2.827,3.64,0.151595346,10,1,75.008,437.784,0.1713356358,0.1971505773,-0.6077,1.67448,-0.3629186374,573,-0.875919,1.233021484,1.3526300677,3.990426,0.557831,1.015444
143,68039922,Nc1ncnn(c12)c(cc2)[C@@]3(C#N)[C@](C)(O)[C@H](O)[C@H](O3)CO[P@@](=O)(N[C@@H](C)C(=O)OC(C)C)Oc4ccccc4,GS-465124 (isopropylester),CE1,CE1,0.99,0.011,0,-7.86238146,-6.57125044,1,-5.31,1,14.98,6.4048538625,1.307,1.254,2.822,3.634,8.8438536465,0,9,398.64,55.16,7.2269760696,10.7454275828,-0.52722,0.3871,-1.3619736502,507,-1.55435,1.2339789544,1.3562359972,3.620627,0.569391,1.09348
144,130881,O=c(o1)oc(C)c1COC(=O)c2c(C(C)(C)O)nc(CCC)n2Cc3ccc(cc3)-c(cccc4)c4-c5[n-]nnn5,Olmesartan medoxomil,CE1,CE1,0.94,0.065,0,-8.77650356,-5.73413897,1,0.0,1,5.48,11.82,1.479,1.475,2.893,3.817,3.416162971,1,8,358.496,96.952,3.6976648238,2.0596099402,1.951,0.03352,58.2040572792,575,1.245354,1.2333816968,1.3453123132,3.543751,0.633057,1.134152
145,51399532,C1CCCCC1OC(=O)O[C@H](C)OC(=O)c2cccc(c23)nc(OCC)n3Cc4ccc(cc4)-c(cccc5)c5-c6[n-]nnn6,Candesartan cilexetil,CE1,CE1,0.86,0.141,0,-8.65563869,-5.90532303,1,-8.179,1,4.88,13.35,1.185,1.203,2.265,2.553,5.2569428418,0,9,410.968,87.104,4.7181300514,7.6856154226,2.8222,1.3114,2.1520512429,751,1.1714,1.2355442202,1.3483811701,3.42138,0.748047,1.328704
146,M308,C[C@@H](O)OC(=O)c1cccc(c12)nc(OCC)n2Cc3ccc(cc3)-c(cccc4)c4-c5[n-]nnn5,Candesartan cilexetil_mono_ester,CE1,CE1,0.97,0.027,0,-8.21235466,-6.9282608,0,-7.739,1,3.31,15.36,1.355,1.337,2.83,3.785,7.0626673339,0,7,347.296,50.352,6.8973625675,2.9646564508,2.323,-0.683,-3.4011713031,458,0.878438,1.2341371156,1.3714173836,3.357838,0.625387,1.136428
151,M313,COC[C@H](C)OC(=O)Cc1c(C)n(c(c12)ccc(c2)OC)C(=O)c3ccc(Cl)cc3,(R)_Indomethacin_ketone,CE1,CE1,0.99,0.012,0,-7.03933525,-6.00642204,0,-8.106,1,4.9434653837,16.0038878089,1.252,1.227,2.716,2.716,3.9533374194,2,4,277.704,77.36,3.589762151,2.4222674813,2.59262,0.0136,190.6338235294,333,-1.134864,1.2330337019,1.3531053802,3.649599,0.601828,1.108755
152,M314,CCOC(=O)[C@@H](CS1)N=C1c(n2)sc(c23)cc(cc3)N(C)C,"ethyl (4S)-2-[6-(dimethylamino)-1,3-benzothiazol-2- yl]-4,5-dihydro-1,3-thiazole-4-carboxylate",CE1,CE1,0.98,0.019,0,-7.04048729,-5.84719419,0,-8.47,0,3.14,14.03,1.208,1.184,2.777,3.624,6.6469428085,0,3,228.6,42.352,5.3976199471,3.391992091,0.9742,-0.0014,-695.8571428571,219,-1.388989,1.232611,1.3560236318,3.776659,0.587125,1.079045
153,M315,CCCCOC(=O)[C@@H](CS1)N=C1c(n2)sc(c23)cc(cc3)N(C)C,"butyl (4S)-2-[6-(dimethylamino)-1,3-benzothiazol-2- yl]-4,5-dihydro-1,3-thiazole-4-carboxylate",CE1,CE1,0.96,0.036,0,-7.31540728,-5.63777542,0,-8.438,0,3.16,5.2,1.242,1.209,2.8,3.637,4.1315588777,2,3,228.376,68.368,3.3403931664,3.391992091,0.9742,0.7788,1.2508988187,273,-1.045331,1.234495,1.3507311909,3.522408,0.592337,1.085122
154,M316,c1ccccc1COC(=O)[C@@H](CS2)N=C2c(n3)sc(c34)cc(cc4)N(C)C,"benzyl (4S)-2-[6-(dimethylamino)-1,3-benzothiazol-2- yl]-4,5-dihydro-1,3-thiazole-4-carboxylate",CE1,CE1,0.97,0.033,0,-8.24504185,-6.52052879,0,-9.088,0,3.32,9.39,1.247,1.232,2.829,3.652,2.8321736119,1,3,228.768,93.52,2.4461933276,3.391992091,0.9742,1.1789,0.8263635593,332,-1.389513,1.232524,1.3538987665,3.776178,0.590065,1.078695
155,M317,c1cccc(c12)ccc(c2)C(=O)Oc(c(F)c3)c(F)cc3/C=C4/C(=O)N(C)C(=N4)C,"4-{[(4Z)-1,2-dimethyl-5-oxo-4,5-dihydro-1H- imidazol-4-ylidene]methyl}-2,6-difluorophenyl  naphthalene-2-carboxylate (Cp7)",CE2,CE2,0.18,0.822,0,-10.2463169,-8.47935295,0,-5.475,0,5.93,14.93,1.255,1.257,2.836,3.622,0.6785593344,1,1,140.344,188.976,0.742655152,0.7586011342,1.2033,1.9017,0.6327496451,372,-1.687059,1.2359920914,1.3702919178,3.687815,0.594478,1.060222
156,M318,c1ccccc1-c(cc2)ccc2C(=O)Oc(c(F)c3)c(F)cc3/C=C4/C(=O)N(C)C(=N4)C,"4-{[(4Z)-1,2-dimethyl-5-oxo-4,5-dihydro-1H- imidazol-4-ylidene]methyl}-2,6-difluorophenyl  [1,1'-biphenyl]-4-carboxylate",CE1,CE2,0.38,0.621,1,-9.95629692,-7.01037931,0,-3.798,0,6.82,11.72,1.252,1.253,2.824,3.589,0.7817669487,1,2,164.848,188.976,0.8723224113,0.7586011342,1.7171,1.9017,0.9029289583,445,-1.674282,1.2359364102,1.3702878274,3.777046,0.592142,1.061708
158,M320,[O-]C(=O)CC(C)(C)C(=O)OCN(C(=O)N1)C(=O)C1(c2ccccc2)c3ccccc3,"4-[(2,5-dioxo-4,4-diphenylimidazolidin-1- yl)methoxy]-3,3-dimethyl-4-oxobutanoic acid (3b)",CE1,CE1,0.81,0.189,0,-10.1450548,-5.7477355,0,-7.759,1,5.87,16.9841411322,1.281,1.271,2.859,4.419,0.5106101739,3,3,116.32,223.728,0.5199170421,1.152498564,-2.0975,1.4318,-1.4649392373,312,1.328896,1.235459,1.3661432355,2.925992,0.612451,1.133816
159,M321,[O-]C(=O)[C@H]1[C@H](C1)C(=O)OCN(C(=O)N2)C(=O)C2(c3ccccc3)c4ccccc4,"(1R,2S)-2-{[(2,5-dioxo-4,4-diphenylimidazolidin-1- yl)methoxy]carbonyl}cyclopropane-1-carboxylic acid (3c)",CE1,CE1,0.76,0.243,0,-9.97251606,-6.22677612,0,-8.849,1,5.8680086912,11.6712274419,1.224,1.217,2.734,3.419,0.4537818329,3,2,99.768,223.896,0.4455997427,1.152498564,-2.8777,1.4318,-2.0098477441,301,1.133764,1.234298,1.3607626759,2.911938,0.606876,1.055627
160,M322,C1CC[C@H]([C@@H]1C([O-])=O)C(=O)OCN(C(=O)N2)C(=O)C2(c3ccccc3)c4ccccc4,"(1R,2S)-2-{[(2,5-dioxo-4,4-diphenylimidazolidin-1- yl)methoxy]carbonyl}cyclopentane-1-carboxylic acid (3d)",CE1,CE1,0.82,0.182,0,-10.4099407,-5.9130826,0,-9.51,1,5.8740753315,14.3673241768,1.279,1.317,2.808,3.669,0.5531482142,3,2,122.248,223.592,0.5467458585,1.152498564,-2.0975,1.4318,-1.4649392373,325,1.558279,1.2351882124,1.361511726,3.207988,0.594037,1.149292
161,M323,C1CCC[C@@H]([C@@H]1C([O-])=O)C(=O)OCN(C(=O)N2)C(=O)C2(c3ccccc3)c4ccccc4,"(1R,2S)-2-{[(2,5-dioxo-4,4-diphenylimidazolidin-1- yl)methoxy]carbonyl}cyclohexane-1-carboxylic acid (3e)",CE1,CE1,0.81,0.194,0,-9.7045908,-6.83878136,0,-9.345,1,3.020439372,14.9278254612,1.379,1.273,2.824,3.706,0.6028314049,3,2,135.416,223.816,0.6050327054,1.152498564,-1.7074,1.4318,-1.1924849839,338,1.118966,1.234495,1.3627853022,2.811992,0.609463,1.103201
165,M327,CCCCCCCOC(=O)C[C@H](O)C[C@H](O)CCn(c(-c1ccc(F)cc1)c2-c3ccccc3)c(C(C)C)c2C(=O)Nc4ccccc4,"heptyl (3R,5R)-7-[2-(4-fluorophenyl)-3-phenyl-4- (phenylcarbamoyl)-5-(propan-2-yl)-1H-pyrrol-1-yl]- 3,5-dihydroxyheptanoate",CE1,CE1,0.96,0.04,0,-6.66898966,-2.31529546,1,-6.351,1,5.95,16.2741786275,1.184,1.183,2.624,2.526,4.7988733335,5,12,450.912,107.016,4.2135007849,5.6658428077,4.9789,1.9491,2.5544610333,860,-0.240338,1.233485,1.3480155415,4.264832,0.607287,1.135993
166,M328,CCCCCCCCOC(=O)C[C@H](O)C[C@H](O)CCn(c(-c1ccc(F)cc1)c2-c3ccccc3)c(C(C)C)c2C(=O)Nc4ccccc4,"octyl (3R,5R)-7-[2-(4-fluorophenyl)-3-phenyl-4- (phenylcarbamoyl)-5-(propan-2-yl)-1H-pyrrol-1-yl]- 3,5-dihydroxyheptanoate",CE1,CE1,0.95,0.045,0,-6.71575308,-4.7780633,1,0.0,1,6.74,7.3226490425,1.194,1.194,2.626,2.527,4.2820336373,6,12,451.208,120.024,3.7593148037,5.6658428077,4.9789,2.3392,2.1284627223,918,-0.233742,1.233382,1.3470680347,4.265299,0.603356,1.092138
167,M329,CCCCCCCCCOC(=O)C[C@H](O)C[C@H](O)CCn(c(-c1ccc(F)cc1)c2-c3ccccc3)c(C(C)C)c2C(=O)Nc4ccccc4,"nonyl (3R,5R)-7-[2-(4-fluorophenyl)-3-phenyl-4- (phenylcarbamoyl)-5-(propan-2-yl)-1H-pyrrol-1-yl]- 3,5-dihydroxyheptanoate",CE1,CE1,0.96,0.038,0,-5.79251051,-2.29253054,1,0.0,1,7.189679061,7.0406020339,1.234,1.218,2.627,2.528,3.8656972114,7,12,451.168,133.056,3.3908128908,5.6658428077,4.9789,2.7293,1.8242406478,978,-0.432783,1.231988,1.3502755793,4.213109,0.604747,1.136889
168,127026997,CCCCCCCCCCOC(=O)C[C@H](O)C[C@H](O)CCn(c(-c1ccc(F)cc1)c2-c3ccccc3)c(C(C)C)c2C(=O)Nc4ccccc4,"decyl (3R,5R)-7-[2-(4-fluorophenyl)-3-phenyl-4- (phenylcarbamoyl)-5-(propan-2-yl)-1H-pyrrol-1-yl]- 3,5-dihydroxyheptanoate",CE1,CE1,0.94,0.056,0,-5.83352423,-3.17898226,1,-5.994,1,6.4773520053,16.7404682432,1.227,1.178,2.628,2.529,3.5231463823,8,12,451.392,145.864,3.0946086766,5.6658428077,4.9789,3.1194,1.5961082259,1039,-0.314038,1.231698,1.3506676978,4.26884,0.604086,1.103064
169,71602142,CC(C)OC(=O)C[C@H](O)C[C@H](O)CCn(c(-c1ccc(F)cc1)c2-c3ccccc3)c(C(C)C)c2C(=O)Nc4ccccc4,"propan-2-yl (3R,5R)-7-[2-(4-fluorophenyl)-3-phenyl-4- (phenylcarbamoyl)-5-(propan-2-yl)-1H-pyrrol-1-yl]- 3,5-dihydroxyheptanoate",CE1,CE1,0.98,0.024,0,-6.23526049,-5.88673496,1,-7.092,1,15.0028350987,8.7919634326,1.172,1.17,2.628,2.523,9.2785345038,0,12,451.352,55.128,8.1873458134,5.6658428077,4.9789,0.3871,12.8620511496,613,-0.445847,1.233094,1.3536392909,4.181335,0.619635,1.153573
170,127026998,C1CCCCC1OC(=O)C[C@H](O)C[C@H](O)CCn(c(-c2ccc(F)cc2)c3-c4ccccc4)c(C(C)C)c3C(=O)Nc5ccccc5,"cyclohexyl (3R,5R)-7-[2-(4-fluorophenyl)-3-phenyl-4- (phenylcarbamoyl)-5-(propan-2-yl)-1H-pyrrol-1-yl]- 3,5-dihydroxyheptanoate",CE1,CE1,0.97,0.028,0,-7.47593737,-6.00854397,1,-8.638,1,6.38,7.5858556538,1.185,1.179,2.668,2.544,5.5675124535,0,12,451.36,87.024,5.1866151866,5.6658428077,4.9789,1.3114,3.7966295562,733,-0.604483,1.231893,1.3539341897,4.12418,0.631494,1.14379
171,11238911,CC(C)(C)OC(=O)C[C@H](O)C[C@H](O)CCn(c(-c1ccc(F)cc1)c2-c3ccccc3)c(C(C)C)c2C(=O)Nc4ccccc4,"tert-butyl (3R,5R)-7-[2-(4-fluorophenyl)-3-phenyl-4- (phenylcarbamoyl)-5-(propan-2-yl)-1H-pyrrol-1-yl]- 3,5-dihydroxyheptanoate",CE1,CE1,0.93,0.069,0,-5.42269754,-6.21953154,1,-6.628,0,6.76,7.5125083028,1.218,1.223,2.665,2.539,7.5229096048,0,12,451.248,68.288,6.6080131209,5.6658428077,4.9789,0.7772,6.4062017499,631,-0.385156,1.2310261979,1.3628134465,4.220813,0.641294,1.153768
172,M334,CC(C)(C)COC(=O)C[C@H](O)C[C@H](O)CCn(c(-c1ccc(F)cc1)c2-c3ccccc3)c(C(C)C)c2C(=O)Nc4ccccc4,"2,2-dimethylpropyl (3R,5R)-7-[2-(4-fluorophenyl)-3- phenyl-4-(phenylcarbamoyl)-5-(propan-2-yl)-1H- pyrrol-1-yl]-3,5-dihydroxyheptanoate",CE1,CE1,1.0,0.005,0,-6.90226412,-2.22177505,1,-7.538,1,6.62,6.2194703151,1.188,1.173,2.638,2.531,6.3259532321,0,12,451.12,81.056,5.5655349388,5.6658428077,4.9789,1.0248,4.8584113973,683,-0.506897,1.231943,1.3487789774,4.161084,0.595556,1.099261
173,M335,FC(F)(F)C(C(F)(F)F)OC(=O)C[C@H](O)C[C@H](O)CCn(c(-c1ccc(F)cc1)c2-c3ccccc3)c(C(C)C)c2C(=O)Nc4ccccc4,"1,1,1,3,3,3-hexafluoropropan-2-yl (3R,5R)-7-[2-(4- fluorophenyl)-3-phenyl-4-(phenylcarbamoyl)-5- (propan-2-yl)-1H-pyrrol-1-yl]-3,5- dihydroxyheptanoate",CE1,CE1,1.0,0.001,0,-7.21090126,-6.88233376,1,-6.622,1,6.16,7.8828916649,1.222,1.261,2.687,2.553,3.3169194055,0,12,451.072,97.816,4.6114337123,5.6658428077,4.9789,1.4719,3.3826346899,758,-0.522357,1.232354,1.3537534857,4.183758,0.605029,1.077637
174,127035161,COc(cc1)ccc1OC(=O)C[C@H](O)C[C@H](O)CCn(c(-c2ccc(F)cc2)c3-c4ccccc4)c(C(C)C)c3C(=O)Nc5ccccc5,"4-methoxyphenyl (3R,5R)-7-[2-(4-fluorophenyl)-3- phenyl-4-(phenylcarbamoyl)-5-(propan-2-yl)-1H- pyrrol-1-yl]-3,5-dihydroxyheptanoate",CE1,CE1,0.99,0.006,0,-6.00481701,-6.97878027,1,-6.846,1,6.6893853978,7.4320234795,1.233,1.245,2.673,2.547,4.4920178206,1,12,451.488,102.576,4.4014974263,3.8906992532,4.9789,1.4008,3.5543260994,840,-0.396819,1.235,1.3605992834,4.178251,0.59914,1.068819
175,25066266,c1ccccc1OC(=O)C[C@H](O)C[C@H](O)CCn(c(-c2ccc(F)cc2)c3-c4ccccc4)c(C(C)C)c3C(=O)Nc5ccccc5,"phenyl (3R,5R)-7-[2-(4-fluorophenyl)-3-phenyl-4- (phenylcarbamoyl)-5-(propan-2-yl)-1H-pyrrol-1-yl]- 3,5-dihydroxyheptanoate",CE1,CE1,1.0,0.002,0,-7.36496067,-6.50400162,1,-6.634,1,6.0293520382,10.2834518524,1.203,1.281,2.668,2.544,5.9255069548,0,12,451.272,80.376,5.6145117946,5.6658428077,4.9789,1.3922,3.5762821434,733,-0.282255,1.233084,1.3618595118,4.178129,0.608234,1.076234
176,M338,C1CCC1COC(=O)[C@H](CC2CCCCC2)O[C@@H]3[C@@H](O)[C@@H](O[C@H](O)[C@@H]3O)O[C@H]4[C@@H](CCCC4)O[C@@H]([C@@H](O)[C@@H]5O)O[C@@H](O)[C@H]5O,PD_2k,CE1,CE1,0.99,0.005,0,-9.94641876,-7.16241741,1,-7.483,1,5.0892301972,18.0912582758,1.321,1.315,2.793,3.339,6.5670895216,1,9,422.792,75.784,5.5789084767,11.26495304,-3.0412,0.7788,-3.9049820236,648,0.701981,1.233905,1.3505561299,5.198056,0.563931,1.033703
177,M339,C1CCCC1COC(=O)[C@H](CC2CCCCC2)O[C@@H]3[C@@H](O)[C@@H](O[C@H](O)[C@@H]3O)O[C@H]4[C@@H](CCCC4)O[C@@H]([C@@H](O)[C@@H]5O)O[C@@H](O)[C@H]5O,PD_2l,CE1,CE1,0.99,0.009,0,-10.3737459,-5.43876076,1,-7.943,1,5.9363986558,16.7746870612,1.324,1.274,2.801,3.344,5.6474859808,1,9,422.792,87.048,4.8569984376,11.26495304,-3.0412,1.1689,-2.6017623407,667,0.706393,1.233905,1.3505561299,5.198181,0.567059,1.036868
179,M341,c1ccccc1C(=O)Oc(cc2)cc3c2[NH+]=C(C=C(Cl)C(=O)C4Cl)C=4C35C=CC(=O)C=C5,DSAB,CE2,CE2,0.09,0.91,0,-9.74869823,-7.30622053,0,-7.546,0,2.8272877462,13.7379064635,1.263,1.262,2.817,3.559,0.338068192,0,1,100.624,263.872,0.3813364055,0.5872110038,0.0501,1.6901,0.0296432164,347,-6.839907,1.2360863603,1.3699586016,2.66988,0.597476,1.060183
180,132187185,c1ccccc1-c2cccc(c2Br)COc3c(Cl)cc(CN[C@@H](CO)C(=O)OC(C)C)c(c3)OCc4cccnc4,IMMH-010,CE1,CE1,0.96,0.044,0,-8.76015568,-5.86013699,0,-9.738,1,3.1995451239,12.7084622988,1.278,1.307,2.749,3.398,9.908236904,0,12,431.16,55.128,7.8210709621,5.1280276817,4.5229,0.3871,11.6840609662,604,-0.534418,1.2339852714,1.3591616019,4.180365,0.622138,1.169568
181,23391714,ONC(=O)[C@@H](OC)[C@@H](CC(C)C)C(=O)N[C@H](c1ccccc1)C(=O)OC2CCCC2,CHR-2863,CE1,CE1,0.98,0.019,0,-8.96958447,-5.74199629,1,-6.085,1,7.7955686771,13.8766451637,1.312,1.343,2.864,3.679,4.0797403033,0,9,282.328,74.288,3.8004522938,6.3168561542,-0.2235,0.9213,-0.2425919896,290,0.044137,1.233558,1.3634269801,4.817439,0.564313,1.07468
